batteryMilliAmps,batteryMilliWatts,isBatteryInFloat,batteryVoltage,samplePeriodMilliSec,timestamp,whatevercolumn(SOC),whatevercolumn,whatevercolumn,batteryMilliAmps,batteryMilliWatts,isBatteryInFloat,batteryVoltage,samplePeriodMilliSec,timestamp,kalman_soc
500,7026,0,12000,500,2021-08-02-1036,whateverdata(30000),whateverdata,whateverdata,500,500,0,12000,500,2021-08-02-1036,30000
3281,3631,0,13001,106159,2021-08-02-1037,whateverdata(100000),whateverdata,whateverdata,501,501,0,13001,501,2021-08-02-1037,100000
8914,10114,0,13002,64107,2021-08-02-1038,whateverdata(22974),whateverdata,whateverdata,502,502,0,13002,502,2021-08-02-1038,100000
6729,10820,0,13003,210050,2021-08-02-1039,whateverdata(100000),whateverdata,whateverdata,503,503,0,13003,503,2021-08-02-1039,100000
1122,10013,0,13004,125772,2021-08-02-1040,whateverdata(100000),whateverdata,whateverdata,504,504,0,13004,504,2021-08-02-1040,100000
1643,12169,0,13005,98082,2021-08-02-1041,whateverdata(23369),whateverdata,whateverdata,505,505,0,13005,505,2021-08-02-1041,11999
6117,11783,0,13006,126575,2021-08-02-1042,whateverdata(99785),whateverdata,whateverdata,506,506,0,13006,506,2021-08-02-1042,100000
7539,6971,0,13007,143216,2021-08-02-1043,whateverdata(100000),whateverdata,whateverdata,507,507,0,13007,507,2021-08-02-1043,64163
889,9284,0,13008,43252,2021-08-02-1044,whateverdata(100000),whateverdata,whateverdata,508,508,0,13008,508,2021-08-02-1044,26650
2859,3618,0,13009,161908,2021-08-02-1045,whateverdata(100000),whateverdata,whateverdata,509,509,0,13009,509,2021-08-02-1045,100000
7951,8043,0,13010,99469,2021-08-02-1046,whateverdata(100000),whateverdata,whateverdata,510,510,0,13010,510,2021-08-02-1046,73722
6677,12231,0,13011,110806,2021-08-02-1047,whateverdata(100000),whateverdata,whateverdata,511,511,0,13011,511,2021-08-02-1047,45099
1449,5367,0,13012,108903,2021-08-02-1048,whateverdata(100000),whateverdata,whateverdata,512,512,0,13012,512,2021-08-02-1048,21568
9934,6621,0,13013,99721,2021-08-02-1049,whateverdata(100000),whateverdata,whateverdata,513,513,0,13013,513,2021-08-02-1049,2011
8669,8334,0,13014,209195,2021-08-02-1050,whateverdata(100000),whateverdata,whateverdata,514,514,0,13014,514,2021-08-02-1050,100000
4303,11860,0,13015,181804,2021-08-02-1051,whateverdata(100000),whateverdata,whateverdata,515,515,0,13015,515,2021-08-02-1051,84036
5967,5890,0,13016,169673,2021-08-02-1052,whateverdata(100000),whateverdata,whateverdata,516,516,0,13016,516,2021-08-02-1052,61833
2806,3644,0,13017,183109,2021-08-02-1053,whateverdata(100000),whateverdata,whateverdata,517,517,0,13017,517,2021-08-02-1053,42593
4746,5750,0,13018,73505,2021-08-02-1054,whateverdata(99449),whateverdata,whateverdata,518,518,0,13018,518,2021-08-02-1054,25725
8919,8384,0,13019,70692,2021-08-02-1055,whateverdata(100000),whateverdata,whateverdata,519,519,0,13019,519,2021-08-02-1055,10878
2065,6540,0,13020,168478,2021-08-02-1056,whateverdata(100000),whateverdata,whateverdata,520,520,0,13020,520,2021-08-02-1056,100000
4892,3965,0,13021,116774,2021-08-02-1057,whateverdata(100000),whateverdata,whateverdata,521,521,0,13021,521,2021-08-02-1057,87075
4694,1803,0,13022,55005,2021-08-02-1058,whateverdata(100000),whateverdata,whateverdata,522,522,0,13022,522,2021-08-02-1058,68647
9762,11630,0,13023,213350,2021-08-02-1059,whateverdata(100000),whateverdata,whateverdata,523,523,0,13023,523,2021-08-02-1059,52192
8509,7539,0,13024,151306,2021-08-02-1060,whateverdata(100000),whateverdata,whateverdata,524,524,0,13024,524,2021-08-02-1060,37384
6110,9854,0,13025,18639,2021-08-02-1061,whateverdata(100000),whateverdata,whateverdata,525,525,0,13025,525,2021-08-02-1061,24071
4220,1764,1,13026,39578,2021-08-02-1062,whateverdata(100000),whateverdata,whateverdata,526,526,1,13026,526,2021-08-02-1062,12038
7111,8939,1,13027,84973,2021-08-02-1063,whateverdata(100000),whateverdata,whateverdata,527,527,1,13027,527,2021-08-02-1063,1165
9462,5074,1,13028,189510,2021-08-02-1064,whateverdata(100000),whateverdata,whateverdata,528,528,1,13028,528,2021-08-02-1064,100000
6060,3055,1,13029,135974,2021-08-02-1065,whateverdata(100000),whateverdata,whateverdata,529,529,1,13029,529,2021-08-02-1065,90224
5461,10926,1,13030,107610,2021-08-02-1066,whateverdata(100000),whateverdata,whateverdata,530,530,1,13030,530,2021-08-02-1066,74165
5916,3204,1,13031,147610,2021-08-02-1067,whateverdata(100000),whateverdata,whateverdata,531,531,1,13031,531,2021-08-02-1067,59578
8286,1831,1,13032,28036,2021-08-02-1068,whateverdata(100000),whateverdata,whateverdata,532,532,1,13032,532,2021-08-02-1068,46351
8186,11405,1,13033,16310,2021-08-02-1069,whateverdata(100000),whateverdata,whateverdata,533,533,1,13033,533,2021-08-02-1069,34303
4871,12076,1,13034,162014,2021-08-02-1070,whateverdata(100000),whateverdata,whateverdata,534,534,1,13034,534,2021-08-02-1070,23334
6328,6598,1,13035,136488,2021-08-02-1071,whateverdata(100000),whateverdata,whateverdata,535,535,1,13035,535,2021-08-02-1071,13350
3100,7529,1,13036,55742,2021-08-02-1072,whateverdata(100000),whateverdata,whateverdata,536,536,1,13036,536,2021-08-02-1072,4255
528,5520,1,13037,182653,2021-08-02-1073,whateverdata(100000),whateverdata,whateverdata,537,537,1,13037,537,2021-08-02-1073,100000
8168,8695,1,13038,165187,2021-08-02-1074,whateverdata(100000),whateverdata,whateverdata,538,538,1,13038,538,2021-08-02-1074,91718
3703,11277,1,13039,40637,2021-08-02-1075,whateverdata(100000),whateverdata,whateverdata,539,539,1,13039,539,2021-08-02-1075,77355
3527,1799,1,13040,45527,2021-08-02-1076,whateverdata(100000),whateverdata,whateverdata,540,540,1,13040,540,2021-08-02-1076,64223
7382,11419,1,13041,174033,2021-08-02-1077,whateverdata(100000),whateverdata,whateverdata,541,541,1,13041,541,2021-08-02-1077,52229
7421,11652,1,13042,15758,2021-08-02-1078,whateverdata(100000),whateverdata,whateverdata,542,542,1,13042,542,2021-08-02-1078,41283
8924,1854,1,13043,17091,2021-08-02-1079,whateverdata(100000),whateverdata,whateverdata,543,543,1,13043,543,2021-08-02-1079,31293
9098,6070,1,13044,17051,2021-08-02-1080,whateverdata(100000),whateverdata,whateverdata,544,544,1,13044,544,2021-08-02-1080,22173
1375,7052,1,13045,47401,2021-08-02-1081,whateverdata(100000),whateverdata,whateverdata,545,545,1,13045,545,2021-08-02-1081,13836
6292,8013,1,13046,97477,2021-08-02-1082,whateverdata(100000),whateverdata,whateverdata,546,546,1,13046,546,2021-08-02-1082,6272
2499,4283,1,13047,36288,2021-08-02-1083,whateverdata(100000),whateverdata,whateverdata,547,547,1,13047,547,2021-08-02-1083,100000
7036,7238,1,13048,128505,2021-08-02-1084,whateverdata(100000),whateverdata,whateverdata,548,548,1,13048,548,2021-08-02-1084,93055
4691,1150,1,13049,80498,2021-08-02-1085,whateverdata(100000),whateverdata,whateverdata,549,549,1,13049,549,2021-08-02-1085,80022
7722,10852,1,13050,171213,2021-08-02-1086,whateverdata(100000),whateverdata,whateverdata,550,550,1,13050,550,2021-08-02-1086,68108
2688,8811,1,13051,141947,2021-08-02-1087,whateverdata(100000),whateverdata,whateverdata,551,551,1,13051,551,2021-08-02-1087,57233
7786,4791,1,13052,34353,2021-08-02-1088,whateverdata(100000),whateverdata,whateverdata,552,552,1,13052,552,2021-08-02-1088,47304
8590,8167,1,13053,196451,2021-08-02-1089,whateverdata(100000),whateverdata,whateverdata,553,553,1,13053,553,2021-08-02-1089,38237
4407,11113,1,13054,152518,2021-08-02-1090,whateverdata(100000),whateverdata,whateverdata,554,554,1,13054,554,2021-08-02-1090,29948
3030,9740,1,13055,65157,2021-08-02-1091,whateverdata(100000),whateverdata,whateverdata,555,555,1,13055,555,2021-08-02-1091,22425
6516,8899,1,13056,156205,2021-08-02-1092,whateverdata(100000),whateverdata,whateverdata,556,556,1,13056,556,2021-08-02-1092,15512
3184,4767,1,13057,9094,2021-08-02-1093,whateverdata(100000),whateverdata,whateverdata,557,557,1,13057,557,2021-08-02-1093,9201
511,6655,1,13058,137642,2021-08-02-1094,whateverdata(100000),whateverdata,whateverdata,558,558,1,13058,558,2021-08-02-1094,3412
5789,10941,1,13059,106163,2021-08-02-1095,whateverdata(100000),whateverdata,whateverdata,559,559,1,13059,559,2021-08-02-1095,100000
7678,4821,1,13060,45395,2021-08-02-1096,whateverdata(100000),whateverdata,whateverdata,560,560,1,13060,560,2021-08-02-1096,94731
2293,3839,3,13061,94750,2021-08-02-1097,whateverdata(100000),whateverdata,whateverdata,561,561,3,13061,561,2021-08-02-1097,83047
6152,12368,3,13062,150977,2021-08-02-1098,whateverdata(100000),whateverdata,whateverdata,562,562,3,13062,562,2021-08-02-1098,72319
9934,2002,3,14000,111181,2021-08-02-1099,whateverdata(100000),whateverdata,whateverdata,563,563,3,14000,563,2021-08-02-1099,65092
